Campus,Area Office,Unit,Name in the register,Texas PTA,Texas PTA status
Ashford ES,NES Elementary,UNIT 1,,,
Anderson ES,NES Elementary,UNIT 1,,,
Codwell ES,NES Elementary,UNIT 1,,,
Almeda ES,NES Elementary,UNIT 1,,,
Foster ES,NES Elementary,UNIT 1,,,
Askew ES,NES Elementary,UNIT 1,,,
Bastian ES,NES Elementary,UNIT 1,,,
Frost ES,NES Elementary,UNIT 1,,,
Gregg ES,NES Elementary,UNIT 1,,,
Law ES,NES Elementary,UNIT 1,,,
Benavides ES,NES Elementary,UNIT 1,,,
Foerster ES,NES Elementary,UNIT 1,,,
Mitchell ES,NES Elementary,UNIT 1,,,
Grissom ES,NES Elementary,UNIT 1,,,
Lockhart ES,NES Elementary,UNIT 1,,,
Bonham ES,NES Elementary,UNIT 1,,No (charter withdrawn),Charter Withdrawn
Milne ES,NES Elementary,UNIT 1,,,
Reynolds ES,NES Elementary,UNIT 1,,,
Hobby ES (@Lawson MS),NES Elementary,UNIT 1,,,
Longfellow ES,NES Elementary,UNIT 1,,,
Gross ES,NES Elementary,UNIT 1,,,
Neff ES,NES Elementary,UNIT 1,,,
Whidby ES,NES Elementary,UNIT 1,,,
Montgomery ES,NES Elementary,UNIT 1,,,
Thompson ES,NES Elementary,UNIT 1,,,
Walnut Bend ES,NES Elementary,UNIT 1,,,
Tinsley ES,NES Elementary,UNIT 1,,,
Woodson ES,NES Elementary,UNIT 1,Woodson,,
Petersen ES,NES Elementary,UNIT 1,,,
"White, Ed. ES",NES Elementary,UNIT 1,,,
Valley West ES,NES Elementary,UNIT 1,,,
Reagan K-8,NES Elementary,UNIT 1,,,
Benbrook ES,NES Elementary,UNIT 2,,,
Bonner ES,NES Elementary,UNIT 2,,,
Bell ES,NES Elementary,UNIT 2,,,
Barrick ES,NES Elementary,UNIT 2,,,
Cook ES,NES Elementary,UNIT 2,,,
Durkee ES,NES Elementary,UNIT 2,,,
Brookline ES,NES Elementary,UNIT 2,,,
Kelso ES,NES Elementary,UNIT 2,,,
Berry ES,NES Elementary,UNIT 2,,,
Elmore ES,NES Elementary,UNIT 2,,,
Highland Height ES,NES Elementary,UNIT 2,Highland Heights ES,,
Golfcrest ES,NES Elementary,UNIT 2,,,
Lewis ES,NES Elementary,UNIT 2,,,
Kennedy ES,NES Elementary,UNIT 2,,,
Hilliard ES,NES Elementary,UNIT 2,,,
Smith ES,NES Elementary,UNIT 2,,,
Hartsfield ES,NES Elementary,UNIT 2,,,
Mading ES,NES Elementary,UNIT 2,,,
Coop ES,NES Elementary,UNIT 2,,,
Marshall ES,NES Elementary,UNIT 2,,,
Stevens ES,NES Elementary,UNIT 2,,,
Rucker ES,NES Elementary,UNIT 2,,,
Seguin ES,NES Elementary,UNIT 2,,,
Garcia ES,NES Elementary,UNIT 2,,,
McGowen ES,NES Elementary,UNIT 2,,,
Wainwright ES,NES Elementary,UNIT 2,,No (charter withdrawn),Charter Withdrawn
Sanchez ES,NES Elementary,UNIT 2,,,
Young ES,NES Elementary,UNIT 2,,,
Northline ES,NES Elementary,UNIT 2,,,
Paige ES,NES Elementary,UNIT 2,,,
Wesley ES,NES Elementary,UNIT 2,,,
Osborne ES,NES Elementary,UNIT 2,,,
Shadydale ES,NES Elementary,UNIT 2,,,
Cage ES (@Lantrip ES),NES Elementary,UNIT 3,,,
Burnet ES,NES Elementary,UNIT 3,,,
Atherton ES,NES Elementary,UNIT 3,,,
Dogan ES,NES Elementary,UNIT 3,,,
Blackshear ES,NES Elementary,UNIT 3,,,
Harris RP ES,NES Elementary,UNIT 3,,,
Carrillo ES,NES Elementary,UNIT 3,,,
Browning ES,NES Elementary,UNIT 3,,Yes,Inactive
Eliot ES,NES Elementary,UNIT 3,,,
Martinez R. ES,NES Elementary,UNIT 3,,,
Kashmere Gardens ES,NES Elementary,UNIT 3,,,
De Zavala ES,NES Elementary,UNIT 3,DeZavala ES,,
Bruce ES,NES Elementary,UNIT 3,,,
Gregory Lincoln ES,NES Elementary,UNIT 3,,,
"Martinez, C. ES",NES Elementary,UNIT 3,,,
Gallegos ES,NES Elementary,UNIT 3,,,
Crockett ES,NES Elementary,UNIT 3,,,
Isaacs ES,NES Elementary,UNIT 3,,,
Oates ES,NES Elementary,UNIT 3,,,
"Harris, JR ES",NES Elementary,UNIT 3,,,
Peck ES,NES Elementary,UNIT 3,,,
Pugh ES,NES Elementary,UNIT 3,,,
Pleasantville ES,NES Elementary,UNIT 3,,,
Jefferson ES,NES Elementary,UNIT 3,,,
Ketelsen ES,NES Elementary,UNIT 3,,Yes,Inactive
Scroggins ES,NES Elementary,UNIT 3,,,
Robinson ES,NES Elementary,UNIT 3,,,
Southmayd ES,NES Elementary,UNIT 3,,,
Looscan ES,NES Elementary,UNIT 3,,,
Whittier ES,NES Elementary,UNIT 3,,,
Fleming/McReynolds (@ Leland MS ),NES Secondary,UNIT 1,McReynolds MS,,
Clifton MS,NES Secondary,UNIT 1,,,
Forest Brook MS,NES Secondary,UNIT 1,,,
Holland MS,NES Secondary,UNIT 1,,,
Fonville MS,NES Secondary,UNIT 1,,,
Kashmere HS,NES Secondary,UNIT 1,,,
Marshall MS,NES Secondary,UNIT 1,,,
Furr HS,NES Secondary,UNIT 1,,,
Key MS,NES Secondary,UNIT 1,,,
North Forest HS,NES Secondary,UNIT 1,,,
Henry MS,NES Secondary,UNIT 1,,,
Northside HS,NES Secondary,UNIT 1,,No (charter withdrawn),Charter Withdrawn
Washington HS,NES Secondary,UNIT 1,,,
Houston MSTC,NES Secondary,UNIT 1,Houston MSTC HS,,
Scarborough HS,NES Secondary,UNIT 1,,,
McWilliams MS,NES Secondary,UNIT 1,Williams MS,,
Lawson MS,NES Secondary,UNIT 2,,,
Hartman MS,NES Secondary,UNIT 2,,,
Cullen MS,NES Secondary,UNIT 2,,,
Austin HS,NES Secondary,UNIT 2,,,
Long Acad,NES Secondary,UNIT 2,,,
Sharpstown HS,NES Secondary,UNIT 2,,,
Deady MS,NES Secondary,UNIT 2,,,
Chrysalis MS,NES Secondary,UNIT 2,,,
Madison HS,NES Secondary,UNIT 2,,,
Sugar Grove MS,NES Secondary,UNIT 2,,,
Fondren MS,NES Secondary,UNIT 2,,,
Edison MS,NES Secondary,UNIT 2,,,
Revere MS,NES Secondary,UNIT 2,,,
Welch MS,NES Secondary,UNIT 2,,,
Ortiz MS,NES Secondary,UNIT 2,,,
Navarro MS,NES Secondary,UNIT 2,,,
Thomas MS,NES Secondary,UNIT 2,,,
Westbury HS,NES Secondary,UNIT 2,,,
Sterling HS,NES Secondary,UNIT 2,,,
Yates HS,NES Secondary,UNIT 2,,,
Wisdom HS,NES Secondary,UNIT 2,,,
Wheatley HS,NES Secondary,UNIT 2,,,
Worthing HS,NES Secondary,UNIT 2,,,
Fondern ES,EAS Elementary,UNIT 1,,,
Bellfort ECC,EAS Elementary,UNIT 1,,,
Arabic Immersion,EAS Elementary,UNIT 1,,,
Hines-Caldwell ES,EAS Elementary,UNIT 1,,,
Farias ECC,EAS Elementary,UNIT 1,,,
Baker Montessori,EAS Elementary,UNIT 1,,,
JP Henderson ES,EAS Elementary,UNIT 1,Henderson JP ES,,
Fonwood ECC,EAS Elementary,UNIT 1,,,
Briarmeadow,EAS Elementary,UNIT 1,,,
Lantrip ES,EAS Elementary,UNIT 1,,,
Halpin ECC,EAS Elementary,UNIT 1,,,
Garden Oaks K - 8,EAS Elementary,UNIT 1,Garden Oaks,,
Red ES,EAS Elementary,UNIT 1,,,
Laurenzo ECC,EAS Elementary,UNIT 1,,,
Mandarin Immersion,EAS Elementary,UNIT 1,Mandarin Immersion Magnet,,
Sherman ES,EAS Elementary,UNIT 1,,,
Mistral ECC,EAS Elementary,UNIT 1,,,
Pilgrim Acad,EAS Elementary,UNIT 1,,,
Tijerina ES,EAS Elementary,UNIT 1,,Yes,Inactive
MLK ECC,EAS Elementary,UNIT 1,,,
Rice School,EAS Elementary,UNIT 1,Rice School PK-8,,
Windsor Village ES,EAS Elementary,UNIT 1,,,
Neff ECC,EAS Elementary,UNIT 1,,,
Wharton,EAS Elementary,UNIT 1,Wharton K-8,,
Braeburn ES,EAS Elementary,UNIT 2,,,
Bush ES,EAS Elementary,UNIT 2,,,
Crespo ES,EAS Elementary,UNIT 2,,,
MacGregor ES,EAS Elementary,UNIT 2,,,
Cunningham ES,EAS Elementary,UNIT 2,,,
Emerson ES,EAS Elementary,UNIT 2,,,
Cornelius ES,EAS Elementary,UNIT 2,,,
Oak Forest ES,EAS Elementary,UNIT 2,,Yes,Good Standing
Elrod ES,EAS Elementary,UNIT 2,,,
Kolter ES,EAS Elementary,UNIT 2,,,
Davila ES,EAS Elementary,UNIT 2,,,
Roosevelt ES,EAS Elementary,UNIT 2,,,
Herod ES,EAS Elementary,UNIT 2,,,
McNamara ES,EAS Elementary,UNIT 2,,,
DeAnda ES,EAS Elementary,UNIT 2,,,
Sinclair ES,EAS Elementary,UNIT 2,,,
Parker ES,EAS Elementary,UNIT 2,,,
Piney Point ES,EAS Elementary,UNIT 2,,,
Garden Villas ES,EAS Elementary,UNIT 2,,,
TH Rogers,EAS Elementary,UNIT 2,Rogers T H,,
Rodriguez ES,EAS Elementary,UNIT 2,,,
Sutton ES,EAS Elementary,UNIT 2,,,
Patterson ES,EAS Elementary,UNIT 2,,,
Travis ES,EAS Elementary,UNIT 2,,Yes,Good Standing
St. George ES,EAS Elementary,UNIT 2,School at St. George ES,,
M. White ES,EAS Elementary,UNIT 2,White M ES,,
Park Place ES,EAS Elementary,UNIT 2,,,
DeChaumes ES,EAS Elementary,UNIT 3,De Chaumes ES,,
Memorial ES,EAS Elementary,UNIT 3,,,
Briargrove ES,EAS Elementary,UNIT 3,,,
Burbank ES,EAS Elementary,UNIT 3,,,
Durham ES,EAS Elementary,UNIT 3,,Yes,Inactive
Poe ES,EAS Elementary,UNIT 3,,,
Condit ES,EAS Elementary,UNIT 3,,,
Herrera ES,EAS Elementary,UNIT 3,,,
Field ES,EAS Elementary,UNIT 3,,,
River Oaks ES,EAS Elementary,UNIT 3,,,
Daily ES,EAS Elementary,UNIT 3,,,
Janowski ES,EAS Elementary,UNIT 3,,,
Harvard ES,EAS Elementary,UNIT 3,,Yes,Active
Roberts ES,EAS Elementary,UNIT 3,,,
Horn ES,EAS Elementary,UNIT 3,,,
Lyons ES,EAS Elementary,UNIT 3,,,
Helms ES,EAS Elementary,UNIT 3,,Yes,Inactive
Twain ES,EAS Elementary,UNIT 3,,,
Lovett ES,EAS Elementary,UNIT 3,,,
Moreno ES,EAS Elementary,UNIT 3,,,
Love ES,EAS Elementary,UNIT 3,,,
West University ES,EAS Elementary,UNIT 3,,,
Shadowbriar ES,EAS Elementary,UNIT 3,,,
Scarborough ES,EAS Elementary,UNIT 3,,,
Shearn ES,EAS Elementary,UNIT 3,,,
Bellaire HS,EAS Secondary,UNIT 1,,,
Black MS,EAS Secondary,UNIT 1,,,
Baylor @ Ryan MS,EAS Secondary,UNIT 1,Baylor College MS,,
Meyerland MS,EAS Secondary,UNIT 1,,,
Lanier MS,EAS Secondary,UNIT 1,,,
Heights HS,EAS Secondary,UNIT 1,,,
Pin Oak MS,EAS Secondary,UNIT 1,,,
Pershing MS,EAS Secondary,UNIT 1,,,
Lamar HS,EAS Secondary,UNIT 1,,,
West Briar MS,EAS Secondary,UNIT 1,,,
Sharpstown Int,EAS Secondary,UNIT 1,,,
Leland YMCPA,EAS Secondary,UNIT 1,,,
Westside HS,EAS Secondary,UNIT 1,,,
Waltrip HS,EAS Secondary,UNIT 1,,,
North Houston EC HS,EAS Secondary,UNIT 1,,,
Attucks MS,EAS Secondary,UNIT 2,,,
BCM Biotech @ Rusk MS,EAS Secondary,UNIT 2,BCM Biotech Acad at Rusk,,
Carnegie HS,EAS Secondary,UNIT 2,,,
DeBakey HS,EAS Secondary,UNIT 2,,,
Chavez HS,EAS Secondary,UNIT 2,,,
Burbank MS,EAS Secondary,UNIT 2,,,
Hamilton MS,EAS Secondary,UNIT 2,,Yes,Active
High School Ahead MS,EAS Secondary,UNIT 2,High School Ahead Acad MS,,
MC Fraga EC HS,EAS Secondary,UNIT 2,,,
East Early HS,EAS Secondary,UNIT 2,East EC HS,,
Law & Justice HS,EAS Secondary,UNIT 2,,,
Hogg MS,EAS Secondary,UNIT 2,,Yes,Good Standing
Milby HS,EAS Secondary,UNIT 2,,,
Eastwood Acad HS,EAS Secondary,UNIT 2,,,
Tanglewood MS,EAS Secondary,UNIT 2,,,
Liberty HS,EAS Secondary,UNIT 2,,,
Stevenson MS,EAS Secondary,UNIT 2,,,
Jones Futures HS,EAS Secondary,UNIT 2,,,
YWCPA,EAS Secondary,UNIT 2,,,
South Early HS,EAS Secondary,UNIT 2,South EC HS,,
Energized ECC,Programs/Charters,Charters,,,
Community Services,Programs/Charters,Programs,,,
Kinder HSPVA,Programs/Charters,1882,,,
Barbara Jordan Career Center,Programs/Charters,Office of Academics,,,
Energized ES,Programs/Charters,Charters,,,
DAEP EL,Programs/Charters,Programs,,,
Challenge EC HS,Programs/Charters,1882,,,
SPED HCC Lifeskills,Programs/Charters,Office of Academics,,,
Energized for STEM Acad MS,Programs/Charters,Charters,,,
Harper/Secondary DAEP,Programs/Charters,Programs,,,
Energy Inst HS,Programs/Charters,1882,,,
SPED RDSPD,Programs/Charters,Office of Academics,,,
Energized for STEM Acad HS,Programs/Charters,Charters,,,
JJAEP,Programs/Charters,Programs,,,
HAIS,Programs/Charters,1882,HAIS HS,,
SPED SOAR,Programs/Charters,Office of Academics,,,
Energized MS,Programs/Charters,Charters,,,
Virtual Launchpad,Programs/Charters,Office of Academics,,,
TCAH,Programs/Charters,Charters,,,
